country,continent,year,population,period,category
Ukraine,Europe,1970,47279086,Past,population
Lebanon,Asia,1970,2381791,Past,population
American Samoa,Oceania,1970,27075,Past,population
Bulgaria,Europe,1970,8582950,Past,population
Lithuania,Europe,1970,3210147,Past,population
Latvia,Europe,1970,2397414,Past,population
Marshall Islands,Oceania,1970,23969,Past,population
Bosnia and Herzegovina,Europe,1970,3815561,Past,population
Serbia,Europe,1970,7193533,Past,population
Croatia,Europe,1970,4492638,Past,population
Montserrat,North America,1970,11402,Past,population
Monaco,Europe,1970,24270,Past,population
Greece,Europe,1970,8544873,Past,population
Japan,Asia,1970,105416839,Past,population
Saint Martin,North America,1970,5802,Past,population
North Macedonia,Europe,1970,1656783,Past,population
Belarus,Europe,1970,9170786,Past,population
Albania,Europe,1970,2324731,Past,population
Cuba,North America,1970,8869636,Past,population
Armenia,Asia,1970,2534377,Past,population
Georgia,Asia,1970,4800426,Past,population
Saint Pierre & Miquelon,North America,1970,5537,Past,population
Martinique,North America,1970,326428,Past,population
Italy,Europe,1970,53324036,Past,population
Russia,Europe,1970,130093010,Past,population
San Marino,Europe,1970,18169,Past,population
Vatican City,Europe,1970,752,Past,population
Estonia,Europe,1970,1361999,Past,population
Portugal,Europe,1970,8683631,Past,population
Niue,Oceania,1970,5185,Past,population
Montenegro,Europe,1970,530268,Past,population
Puerto Rico,North America,1970,2737619,Past,population
Uruguay,South America,1970,2790265,Past,population
Aruba,North America,1970,59106,Past,population
Hong Kong,Asia,1970,3955072,Past,population
Guadeloupe,North America,1970,318310,Past,population
Gibraltar,Europe,1970,26685,Past,population
Germany,Europe,1970,78294583,Past,population
South Korea,Asia,1970,32601143,Past,population
Jamaica,North America,1970,1859091,Past,population
Bermuda,North America,1970,52019,Past,population
China,Asia,1970,822534450,Past,population
Slovenia,Europe,1970,1741286,Past,population
Mauritius,Africa,1970,830115,Past,population
Cook Islands,Oceania,1970,20470,Past,population
Finland,Europe,1970,4606621,Past,population
Saint Lucia,North America,1970,103090,Past,population
Thailand,Asia,1970,35791728,Past,population
Taiwan,Asia,1970,14957870,Past,population
Barbados,North America,1970,241397,Past,population
France,Europe,1970,50523586,Past,population
Spain,Europe,1970,33792617,Past,population
Palau,Oceania,1970,11366,Past,population
Austria,Europe,1970,7465301,Past,population
Qatar,Asia,1970,118007,Past,population
Sri Lanka,Asia,1970,12388769,Past,population
Sint Maarten,North America,1970,6260,Past,population
Isle of Man,Europe,1970,55298,Past,population
United Kingdom,Europe,1970,55650166,Past,population
El Salvador,North America,1970,3619090,Past,population
Trinidad and Tobago,North America,1970,988890,Past,population
Netherlands,Europe,1970,13037686,Past,population
Venezuela,South America,1970,11355475,Past,population
Belgium,Europe,1970,9629376,Past,population
North Korea,Asia,1970,14996879,Past,population
United States,North America,1970,200328340,Past,population
Greenland,North America,1970,45434,Past,population
Falkland Islands,South America,1970,2274,Past,population
Kuwait,Asia,1970,802786,Past,population
Azerbaijan,Asia,1970,5425317,Past,population
Maldives,Asia,1970,123243,Past,population
Dominica,North America,1970,68895,Past,population
Brazil,South America,1970,96369875,Past,population
Denmark,Europe,1970,4922963,Past,population
Bahamas,North America,1970,179129,Past,population
Costa Rica,North America,1970,1855697,Past,population
Argentina,South America,1970,23842803,Past,population
Guyana,South America,1970,705261,Past,population
Switzerland,Europe,1970,6181227,Past,population
Fiji,Oceania,1970,527634,Past,population
Chile,South America,1970,9820481,Past,population
Singapore,Asia,1970,2061831,Past,population
Antigua and Barbuda,North America,1970,64516,Past,population
Norway,Europe,1970,3875546,Past,population
British Virgin Islands,North America,1970,9581,Past,population
Cyprus,Europe,1970,640804,Past,population
Bahrain,Asia,1970,222555,Past,population
Seychelles,Africa,1970,54379,Past,population
Mexico,North America,1970,50289306,Past,population
Indonesia,Asia,1970,115228394,Past,population
Bhutan,Asia,1970,298894,Past,population
Grenada,North America,1970,98794,Past,population
Anguilla,North America,1970,6283,Past,population
Turkey,Asia,1970,35540990,Past,population
India,Asia,1970,557501301,Past,population
Colombia,South America,1970,20905254,Past,population
Iceland,Europe,1970,204468,Past,population
Myanmar,Asia,1970,27284112,Past,population
Iran,Asia,1970,28449705,Past,population
Guam,Oceania,1970,88300,Past,population
Ireland,Europe,1970,2937637,Past,population
Vietnam,Asia,1970,41928849,Past,population
Liechtenstein,Europe,1970,21089,Past,population
French Polynesia,Oceania,1970,117891,Past,population
New Caledonia,Oceania,1970,110982,Past,population
Tunisia,Africa,1970,5047404,Past,population
Canada,North America,1970,21434577,Past,population
Tonga,Oceania,1970,86484,Past,population
Eswatini,Africa,1970,442865,Past,population
Sweden,Europe,1970,8027702,Past,population
United Arab Emirates,Asia,1970,298084,Past,population
Brunei,Asia,1970,133343,Past,population
Suriname,South America,1970,379918,Past,population
Cayman Islands,North America,1970,10533,Past,population
South Africa,Africa,1970,22368306,Past,population
Micronesia,Oceania,1970,58989,Past,population
Tuvalu,Oceania,1970,5814,Past,population
Saint Barthelemy,North America,1970,2417,Past,population
Peru,South America,1970,13562371,Past,population
Australia,Oceania,1970,12595034,Past,population
Dominican Republic,North America,1970,4475871,Past,population
Andorra,Europe,1970,19860,Past,population
Morocco,Africa,1970,15274351,Past,population
Kazakhstan,Asia,1970,12265305,Past,population
Lesotho,Africa,1970,1023481,Past,population
Bangladesh,Asia,1970,67541860,Past,population
Cambodia,Asia,1970,6708525,Past,population
New Zealand,Oceania,1970,2824061,Past,population
Malaysia,Asia,1970,10306508,Past,population
Ecuador,South America,1970,6172215,Past,population
Libya,Africa,1970,1909177,Past,population
Paraguay,South America,1970,2408787,Past,population
Tokelau,Oceania,1970,1714,Past,population
Haiti,North America,1970,4680812,Past,population
Bolivia,South America,1970,4585693,Past,population
Jordan,Asia,1970,1557374,Past,population
Oman,Asia,1970,670693,Past,population
Malta,Europe,1970,315414,Past,population
Nauru,Oceania,1970,6663,Past,population
Saudi Arabia,Asia,1970,6106191,Past,population
Luxembourg,Europe,1970,339342,Past,population
Belize,North America,1970,120905,Past,population
Panama,North America,1970,1516188,Past,population
Guatemala,North America,1970,5453208,Past,population
Djibouti,Africa,1970,144379,Past,population
Turkmenistan,Asia,1970,2201432,Past,population
Laos,Asia,1970,2675283,Past,population
Nicaragua,North America,1970,2444767,Past,population
Namibia,Africa,1970,754467,Past,population
Philippines,Asia,1970,37435586,Past,population
Honduras,North America,1970,2782753,Past,population
Mongolia,Asia,1970,1293880,Past,population
South Sudan,Africa,1970,3342410,Past,population
Timor-Leste,Asia,1970,554021,Past,population
Israel,Asia,1970,2907307,Past,population
Egypt,Africa,1970,34781986,Past,population
Kyrgyzstan,Asia,1970,3016384,Past,population
Uzbekistan,Asia,1970,12011361,Past,population
Botswana,Africa,1970,592244,Past,population
Algeria,Africa,1970,13795915,Past,population
Samoa,Oceania,1970,142771,Past,population
Nepal,Asia,1970,12501285,Past,population
Romania,Europe,1970,19922618,Past,population
Eritrea,Africa,1970,1272748,Past,population
Kiribati,Oceania,1970,57437,Past,population
Comoros,Africa,1970,242351,Past,population
Western Sahara,Africa,1970,76371,Past,population
Pakistan,Asia,1970,59290872,Past,population
Kenya,Africa,1970,11473087,Past,population
Papua New Guinea,Oceania,1970,2489059,Past,population
Ghana,Africa,1970,8861895,Past,population
Zimbabwe,Africa,1970,5202918,Past,population
Gabon,Africa,1970,597192,Past,population
Tajikistan,Asia,1970,2993019,Past,population
Liberia,Africa,1970,1463563,Past,population
Yemen,Asia,1970,6843607,Past,population
Guinea-Bissau,Africa,1970,591663,Past,population
Sierra Leone,Africa,1970,2778557,Past,population
Iraq,Asia,1970,9811347,Past,population
Central African Republic,Africa,1970,2067356,Past,population
Solomon Islands,Oceania,1970,172833,Past,population
Rwanda,Africa,1970,3896367,Past,population
Togo,Africa,1970,2197383,Past,population
Vanuatu,Oceania,1970,87019,Past,population
French Guiana,South America,1970,46484,Past,population
Nigeria,Africa,1970,55569264,Past,population
Madagascar,Africa,1970,6639751,Past,population
Guinea,Africa,1970,4222374,Past,population
Equatorial Guinea,Africa,1970,316955,Past,population
Gambia,Africa,1970,528731,Past,population
Ethiopia,Africa,1970,28308246,Past,population
Afghanistan,Asia,1970,10752971,Past,population
Malawi,Africa,1970,4625141,Past,population
Burkina Faso,Africa,1970,5611666,Past,population
Senegal,Africa,1970,4367744,Past,population
Cameroon,Africa,1970,6452787,Past,population
Mauritania,Africa,1970,1122198,Past,population
Hungary,Europe,1970,10315366,Past,population
Sudan,Africa,1970,11305206,Past,population
Burundi,Africa,1970,3497834,Past,population
Benin,Africa,1970,3023443,Past,population
Mozambique,Africa,1970,8411676,Past,population
Zambia,Africa,1970,4281671,Past,population
Tanzania,Africa,1970,13618192,Past,population
Uganda,Africa,1970,10317212,Past,population
Somalia,Africa,1970,3720977,Past,population
Mali,Africa,1970,6153587,Past,population
Angola,Africa,1970,6029700,Past,population
Chad,Africa,1970,3667394,Past,population
Mayotte,Africa,1970,35383,Past,population
DR Congo,Africa,1970,20151733,Past,population
Slovakia,Europe,1970,4522867,Past,population
Syria,Asia,1970,6319199,Past,population
Niger,Africa,1970,4669708,Past,population
Poland,Europe,1970,32482943,Past,population
Moldova,Europe,1970,3711140,Past,population
Ukraine,Europe,1980,49973920,Past,population
Lebanon,Asia,1980,2963702,Past,population
American Samoa,Oceania,1980,32886,Past,population
Bulgaria,Europe,1980,8980606,Past,population
Lithuania,Europe,1980,3521206,Past,population
Latvia,Europe,1980,2572037,Past,population
Marshall Islands,Oceania,1980,31988,Past,population
Bosnia and Herzegovina,Europe,1980,4199820,Past,population
Serbia,Europe,1980,7777010,Past,population
Croatia,Europe,1980,4680144,Past,population
Montserrat,North America,1980,11452,Past,population
Monaco,Europe,1980,27076,Past,population
Greece,Europe,1980,9307148,Past,population
Japan,Asia,1980,117624196,Past,population
Saint Martin,North America,1980,7776,Past,population
North Macedonia,Europe,1980,1907023,Past,population
Belarus,Europe,1980,9817257,Past,population
Albania,Europe,1980,2941651,Past,population
Cuba,North America,1980,9809107,Past,population
Armenia,Asia,1980,3135123,Past,population
Georgia,Asia,1980,5145843,Past,population
Saint Pierre & Miquelon,North America,1980,6106,Past,population
Martinique,North America,1980,333786,Past,population
Italy,Europe,1980,56329482,Past,population
Russia,Europe,1980,138257420,Past,population
San Marino,Europe,1980,21346,Past,population
Vatican City,Europe,1980,733,Past,population
Estonia,Europe,1980,1476983,Past,population
Portugal,Europe,1980,9785252,Past,population
Niue,Oceania,1980,3637,Past,population
Montenegro,Europe,1980,589324,Past,population
Puerto Rico,North America,1980,3214568,Past,population
Uruguay,South America,1980,2953750,Past,population
Aruba,North America,1980,62267,Past,population
Hong Kong,Asia,1980,4978544,Past,population
Guadeloupe,North America,1980,334234,Past,population
Gibraltar,Europe,1980,28734,Past,population
Germany,Europe,1980,77786703,Past,population
South Korea,Asia,1980,38170501,Past,population
Jamaica,North America,1980,2135546,Past,population
Bermuda,North America,1980,53565,Past,population
China,Asia,1980,982372466,Past,population
Slovenia,Europe,1980,1901570,Past,population
Mauritius,Africa,1980,954865,Past,population
Cook Islands,Oceania,1980,17651,Past,population
Finland,Europe,1980,4779418,Past,population
Saint Lucia,North America,1980,121633,Past,population
Thailand,Asia,1980,45737753,Past,population
Taiwan,Asia,1980,18100281,Past,population
Barbados,North America,1980,253575,Past,population
France,Europe,1980,53713830,Past,population
Spain,Europe,1980,37491666,Past,population
Palau,Oceania,1980,12252,Past,population
Austria,Europe,1980,7547561,Past,population
Qatar,Asia,1980,277450,Past,population
Sri Lanka,Asia,1980,14943645,Past,population
Sint Maarten,North America,1980,12243,Past,population
Isle of Man,Europe,1980,64022,Past,population
United Kingdom,Europe,1980,56326328,Past,population
El Salvador,North America,1980,4508992,Past,population
Trinidad and Tobago,North America,1980,1127852,Past,population
Netherlands,Europe,1980,14130387,Past,population
Venezuela,South America,1980,15210443,Past,population
Belgium,Europe,1980,9828986,Past,population
North Korea,Asia,1980,17973650,Past,population
United States,North America,1980,223140018,Past,population
Greenland,North America,1980,50106,Past,population
Falkland Islands,South America,1980,2240,Past,population
Kuwait,Asia,1980,1493870,Past,population
Azerbaijan,Asia,1980,6383060,Past,population
Maldives,Asia,1980,164887,Past,population
Dominica,North America,1980,72978,Past,population
Brazil,South America,1980,122288383,Past,population
Denmark,Europe,1980,5125392,Past,population
Bahamas,North America,1980,223752,Past,population
Costa Rica,North America,1980,2414303,Past,population
Argentina,South America,1980,28024803,Past,population
Guyana,South America,1980,778176,Past,population
Switzerland,Europe,1980,6319113,Past,population
Fiji,Oceania,1980,644582,Past,population
Chile,South America,1980,11469828,Past,population
Singapore,Asia,1980,2400729,Past,population
Antigua and Barbuda,North America,1980,64889,Past,population
Norway,Europe,1980,4085776,Past,population
British Virgin Islands,North America,1980,11109,Past,population
Cyprus,Europe,1980,679327,Past,population
Bahrain,Asia,1980,362595,Past,population
Seychelles,Africa,1980,65290,Past,population
Mexico,North America,1980,67705186,Past,population
Indonesia,Asia,1980,148177096,Past,population
Bhutan,Asia,1980,415257,Past,population
Grenada,North America,1980,94838,Past,population
Anguilla,North America,1980,6560,Past,population
Turkey,Asia,1980,44089069,Past,population
India,Asia,1980,696828385,Past,population
Colombia,South America,1980,26176195,Past,population
Iceland,Europe,1980,228263,Past,population
Myanmar,Asia,1980,33465781,Past,population
Iran,Asia,1980,38520664,Past,population
Guam,Oceania,1980,110286,Past,population
Ireland,Europe,1980,3391387,Past,population
Vietnam,Asia,1980,52968270,Past,population
Liechtenstein,Europe,1980,25003,Past,population
French Polynesia,Oceania,1980,163591,Past,population
New Caledonia,Oceania,1980,148599,Past,population
Tunisia,Africa,1980,6578156,Past,population
Canada,North America,1980,24511510,Past,population
Tonga,Oceania,1980,96708,Past,population
Eswatini,Africa,1980,598564,Past,population
Sweden,Europe,1980,8311763,Past,population
United Arab Emirates,Asia,1980,1014048,Past,population
Brunei,Asia,1980,187921,Past,population
Suriname,South America,1980,375112,Past,population
Cayman Islands,North America,1980,17100,Past,population
South Africa,Africa,1980,29463549,Past,population
Micronesia,Oceania,1980,76299,Past,population
Tuvalu,Oceania,1980,7731,Past,population
Saint Barthelemy,North America,1980,2983,Past,population
Peru,South America,1980,17492406,Past,population
Australia,Oceania,1980,14706322,Past,population
Dominican Republic,North America,1980,5755800,Past,population
Andorra,Europe,1980,35611,Past,population
Morocco,Africa,1980,19678444,Past,population
Kazakhstan,Asia,1980,14172710,Past,population
Lesotho,Africa,1980,1407672,Past,population
Bangladesh,Asia,1980,83929765,Past,population
Cambodia,Asia,1980,6198959,Past,population
New Zealand,Oceania,1980,3147168,Past,population
Malaysia,Asia,1980,13215707,Past,population
Ecuador,South America,1980,8135845,Past,population
Libya,Africa,1980,2962720,Past,population
Paraguay,South America,1980,3078912,Past,population
Tokelau,Oceania,1980,1647,Past,population
Haiti,North America,1980,5646676,Past,population
Bolivia,South America,1980,5736088,Past,population
Jordan,Asia,1980,2216903,Past,population
Oman,Asia,1980,1017462,Past,population
Malta,Europe,1980,333587,Past,population
Nauru,Oceania,1980,7635,Past,population
Saudi Arabia,Asia,1980,10171710,Past,population
Luxembourg,Europe,1980,363741,Past,population
Belize,North America,1980,145133,Past,population
Panama,North America,1980,1956987,Past,population
Guatemala,North America,1980,6987767,Past,population
Djibouti,Africa,1980,324121,Past,population
Turkmenistan,Asia,1980,2862903,Past,population
Laos,Asia,1980,3297519,Past,population
Nicaragua,North America,1980,3303309,Past,population
Namibia,Africa,1980,975994,Past,population
Philippines,Asia,1980,48419546,Past,population
Honduras,North America,1980,3777990,Past,population
Mongolia,Asia,1980,1697780,Past,population
South Sudan,Africa,1980,4192012,Past,population
Timor-Leste,Asia,1980,642224,Past,population
Israel,Asia,1980,3744608,Past,population
Egypt,Africa,1980,43748556,Past,population
Kyrgyzstan,Asia,1980,3691209,Past,population
Uzbekistan,Asia,1980,15947129,Past,population
Botswana,Africa,1980,938578,Past,population
Algeria,Africa,1980,18739378,Past,population
Samoa,Oceania,1980,164905,Past,population
Nepal,Asia,1980,15600442,Past,population
Romania,Europe,1980,22125224,Past,population
Eritrea,Africa,1980,1657982,Past,population
Kiribati,Oceania,1980,60813,Past,population
Comoros,Africa,1980,328328,Past,population
Western Sahara,Africa,1980,116775,Past,population
Pakistan,Asia,1980,80624057,Past,population
Kenya,Africa,1980,16187124,Past,population
Papua New Guinea,Oceania,1980,3104788,Past,population
Ghana,Africa,1980,11865246,Past,population
Zimbabwe,Africa,1980,7049926,Past,population
Gabon,Africa,1980,749078,Past,population
Tajikistan,Asia,1980,4045965,Past,population
Liberia,Africa,1980,1932169,Past,population
Yemen,Asia,1980,9204938,Past,population
Guinea-Bissau,Africa,1980,831462,Past,population
Sierra Leone,Africa,1980,3367477,Past,population
Iraq,Asia,1980,13653369,Past,population
Central African Republic,Africa,1980,2415276,Past,population
Solomon Islands,Oceania,1980,233668,Past,population
Rwanda,Africa,1980,5247532,Past,population
Togo,Africa,1980,2838110,Past,population
Vanuatu,Oceania,1980,118156,Past,population
French Guiana,South America,1980,66825,Past,population
Nigeria,Africa,1980,72951439,Past,population
Madagascar,Africa,1980,8948162,Past,population
Guinea,Africa,1980,4972609,Past,population
Equatorial Guinea,Africa,1980,282509,Past,population
Gambia,Africa,1980,718586,Past,population
Ethiopia,Africa,1980,34945469,Past,population
Afghanistan,Asia,1980,12486631,Past,population
Malawi,Africa,1980,6267369,Past,population
Burkina Faso,Africa,1980,6932967,Past,population
Senegal,Africa,1980,5703869,Past,population
Cameroon,Africa,1980,8519891,Past,population
Mauritania,Africa,1980,1506694,Past,population
Hungary,Europe,1980,10698679,Past,population
Sudan,Africa,1980,16673586,Past,population
Burundi,Africa,1980,4312834,Past,population
Benin,Africa,1980,3833939,Past,population
Mozambique,Africa,1980,11413587,Past,population
Zambia,Africa,1980,5720438,Past,population
Tanzania,Africa,1980,19297659,Past,population
Uganda,Africa,1980,13284026,Past,population
Somalia,Africa,1980,5892224,Past,population
Mali,Africa,1980,7372581,Past,population
Angola,Africa,1980,8330047,Past,population
Chad,Africa,1980,4408230,Past,population
Mayotte,Africa,1980,52233,Past,population
DR Congo,Africa,1980,26708686,Past,population
Slovakia,Europe,1980,4973883,Past,population
Syria,Asia,1980,8898954,Past,population
Niger,Africa,1980,6173177,Past,population
Poland,Europe,1980,35521429,Past,population
Moldova,Europe,1980,4103240,Past,population
Ukraine,Europe,1990,51589817,Past,population
Lebanon,Asia,1990,3593700,Past,population
American Samoa,Oceania,1990,47818,Past,population
Bulgaria,Europe,1990,8767778,Past,population
Lithuania,Europe,1990,3785847,Past,population
Latvia,Europe,1990,2689391,Past,population
Marshall Islands,Oceania,1990,46047,Past,population
Bosnia and Herzegovina,Europe,1990,4494310,Past,population
Serbia,Europe,1990,7987529,Past,population
Croatia,Europe,1990,4873707,Past,population
Montserrat,North America,1990,10805,Past,population
Monaco,Europe,1990,30329,Past,population
Greece,Europe,1990,10302255,Past,population
Japan,Asia,1990,123686321,Past,population
Saint Martin,North America,1990,28127,Past,population
North Macedonia,Europe,1990,2044174,Past,population
Belarus,Europe,1990,10428525,Past,population
Albania,Europe,1990,3295066,Past,population
Cuba,North America,1990,10626680,Past,population
Armenia,Asia,1990,3556539,Past,population
Georgia,Asia,1990,5391636,Past,population
Saint Pierre & Miquelon,North America,1990,6324,Past,population
Martinique,North America,1990,374271,Past,population
Italy,Europe,1990,56756561,Past,population
Russia,Europe,1990,148005704,Past,population
San Marino,Europe,1990,23132,Past,population
Vatican City,Europe,1990,700,Past,population
Estonia,Europe,1990,1570674,Past,population
Portugal,Europe,1990,10007346,Past,population
Niue,Oceania,1990,2533,Past,population
Montenegro,Europe,1990,621442,Past,population
Puerto Rico,North America,1990,3543776,Past,population
Uruguay,South America,1990,3117012,Past,population
Aruba,North America,1990,65712,Past,population
Hong Kong,Asia,1990,5838574,Past,population
Guadeloupe,North America,1990,391951,Past,population
Gibraltar,Europe,1990,27317,Past,population
Germany,Europe,1990,79370196,Past,population
South Korea,Asia,1990,44120039,Past,population
Jamaica,North America,1990,2392030,Past,population
Bermuda,North America,1990,57470,Past,population
China,Asia,1990,1153704252,Past,population
Slovenia,Europe,1990,1986024,Past,population
Mauritius,Africa,1990,1090290,Past,population
Cook Islands,Oceania,1990,17123,Past,population
Finland,Europe,1990,4986545,Past,population
Saint Lucia,North America,1990,142301,Past,population
Thailand,Asia,1990,55228410,Past,population
Taiwan,Asia,1990,20586174,Past,population
Barbados,North America,1990,258868,Past,population
France,Europe,1990,56412897,Past,population
Spain,Europe,1990,38889889,Past,population
Palau,Oceania,1990,15293,Past,population
Austria,Europe,1990,7678729,Past,population
Qatar,Asia,1990,441675,Past,population
Sri Lanka,Asia,1990,17204094,Past,population
Sint Maarten,North America,1990,27845,Past,population
Isle of Man,Europe,1990,68865,Past,population
United Kingdom,Europe,1990,57210442,Past,population
El Salvador,North America,1990,5367179,Past,population
Trinidad and Tobago,North America,1990,1266518,Past,population
Netherlands,Europe,1990,14944548,Past,population
Venezuela,South America,1990,19750579,Past,population
Belgium,Europe,1990,9959560,Past,population
North Korea,Asia,1990,20799523,Past,population
United States,North America,1990,248083732,Past,population
Greenland,North America,1990,55599,Past,population
Falkland Islands,South America,1990,2332,Past,population
Kuwait,Asia,1990,1674938,Past,population
Azerbaijan,Asia,1990,7427836,Past,population
Maldives,Asia,1990,224957,Past,population
Dominica,North America,1990,69481,Past,population
Brazil,South America,1990,150706446,Past,population
Denmark,Europe,1990,5144623,Past,population
Bahamas,North America,1990,270679,Past,population
Costa Rica,North America,1990,3158253,Past,population
Argentina,South America,1990,32637657,Past,population
Guyana,South America,1990,747116,Past,population
Switzerland,Europe,1990,6711693,Past,population
Fiji,Oceania,1990,780430,Past,population
Chile,South America,1990,13342868,Past,population
Singapore,Asia,1990,3022209,Past,population
Antigua and Barbuda,North America,1990,63328,Past,population
Norway,Europe,1990,4241636,Past,population
British Virgin Islands,North America,1990,15617,Past,population
Cyprus,Europe,1990,788500,Past,population
Bahrain,Asia,1990,517418,Past,population
Seychelles,Africa,1990,71057,Past,population
Mexico,North America,1990,81720428,Past,population
Indonesia,Asia,1990,182159874,Past,population
Bhutan,Asia,1990,558442,Past,population
Grenada,North America,1990,99047,Past,population
Anguilla,North America,1990,8316,Past,population
Turkey,Asia,1990,54324142,Past,population
India,Asia,1990,870452165,Past,population
Colombia,South America,1990,32601393,Past,population
Iceland,Europe,1990,255019,Past,population
Myanmar,Asia,1990,40099553,Past,population
Iran,Asia,1990,55793629,Past,population
Guam,Oceania,1990,138263,Past,population
Ireland,Europe,1990,3485374,Past,population
Vietnam,Asia,1990,66912613,Past,population
Liechtenstein,Europe,1990,28765,Past,population
French Polynesia,Oceania,1990,211089,Past,population
New Caledonia,Oceania,1990,177264,Past,population
Tunisia,Africa,1990,8440023,Past,population
Canada,North America,1990,27657204,Past,population
Tonga,Oceania,1990,98727,Past,population
Eswatini,Africa,1990,854011,Past,population
Sweden,Europe,1990,8548406,Past,population
United Arab Emirates,Asia,1990,1900151,Past,population
Brunei,Asia,1990,261928,Past,population
Suriname,South America,1990,412756,Past,population
Cayman Islands,North America,1990,26027,Past,population
South Africa,Africa,1990,39877570,Past,population
Micronesia,Oceania,1990,98603,Past,population
Tuvalu,Oceania,1990,9182,Past,population
Saint Barthelemy,North America,1990,5168,Past,population
Peru,South America,1990,22109099,Past,population
Australia,Oceania,1990,17048003,Past,population
Dominican Republic,North America,1990,7129004,Past,population
Andorra,Europe,1990,53569,Past,population
Morocco,Africa,1990,24570814,Past,population
Kazakhstan,Asia,1990,16866563,Past,population
Lesotho,Africa,1990,1798997,Past,population
Bangladesh,Asia,1990,107147651,Past,population
Cambodia,Asia,1990,8910808,Past,population
New Zealand,Oceania,1990,3397389,Past,population
Malaysia,Asia,1990,17517054,Past,population
Ecuador,South America,1990,10449837,Past,population
Libya,Africa,1990,4236983,Past,population
Paraguay,South America,1990,4059195,Past,population
Tokelau,Oceania,1990,1669,Past,population
Haiti,North America,1990,6925331,Past,population
Bolivia,South America,1990,7096194,Past,population
Jordan,Asia,1990,3480587,Past,population
Oman,Asia,1990,1804524,Past,population
Malta,Europe,1990,365392,Past,population
Nauru,Oceania,1990,9598,Past,population
Saudi Arabia,Asia,1990,16004763,Past,population
Luxembourg,Europe,1990,381267,Past,population
Belize,North America,1990,182589,Past,population
Panama,North America,1990,2449968,Past,population
Guatemala,North America,1990,9084780,Past,population
Djibouti,Africa,1990,577173,Past,population
Turkmenistan,Asia,1990,3720278,Past,population
Laos,Asia,1990,4314443,Past,population
Nicaragua,North America,1990,4227820,Past,population
Namibia,Africa,1990,1369011,Past,population
Philippines,Asia,1990,61558898,Past,population
Honduras,North America,1990,5053234,Past,population
Mongolia,Asia,1990,2161433,Past,population
South Sudan,Africa,1990,4750817,Past,population
Timor-Leste,Asia,1990,758106,Past,population
Israel,Asia,1990,4803254,Past,population
Egypt,Africa,1990,57214630,Past,population
Kyrgyzstan,Asia,1990,4394734,Past,population
Uzbekistan,Asia,1990,20579100,Past,population
Botswana,Africa,1990,1341474,Past,population
Algeria,Africa,1990,25518074,Past,population
Samoa,Oceania,1990,168186,Past,population
Nepal,Asia,1990,19616530,Past,population
Romania,Europe,1990,22836234,Past,population
Eritrea,Africa,1990,2149960,Past,population
Kiribati,Oceania,1990,75124,Past,population
Comoros,Africa,1990,431119,Past,population
Western Sahara,Africa,1990,178529,Past,population
Pakistan,Asia,1990,115414069,Past,population
Kenya,Africa,1990,23162269,Past,population
Papua New Guinea,Oceania,1990,3864972,Past,population
Ghana,Africa,1990,15446982,Past,population
Zimbabwe,Africa,1990,10113893,Past,population
Gabon,Africa,1990,983028,Past,population
Tajikistan,Asia,1990,5417860,Past,population
Liberia,Africa,1990,2209731,Past,population
Yemen,Asia,1990,13375121,Past,population
Guinea-Bissau,Africa,1990,973551,Past,population
Sierra Leone,Africa,1990,4325388,Past,population
Iraq,Asia,1990,17658381,Past,population
Central African Republic,Africa,1990,2809221,Past,population
Solomon Islands,Oceania,1990,324171,Past,population
Rwanda,Africa,1990,7319962,Past,population
Togo,Africa,1990,3875947,Past,population
Vanuatu,Oceania,1990,150882,Past,population
French Guiana,South America,1990,113931,Past,population
Nigeria,Africa,1990,95214257,Past,population
Madagascar,Africa,1990,11882762,Past,population
Guinea,Africa,1990,6354145,Past,population
Equatorial Guinea,Africa,1990,465549,Past,population
Gambia,Africa,1990,1040616,Past,population
Ethiopia,Africa,1990,47878073,Past,population
Afghanistan,Asia,1990,10694796,Past,population
Malawi,Africa,1990,9539665,Past,population
Burkina Faso,Africa,1990,9131361,Past,population
Senegal,Africa,1990,7536001,Past,population
Cameroon,Africa,1990,11430520,Past,population
Mauritania,Africa,1990,2006027,Past,population
Hungary,Europe,1990,10375989,Past,population
Sudan,Africa,1990,21090886,Past,population
Burundi,Africa,1990,5483793,Past,population
Benin,Africa,1990,5133419,Past,population
Mozambique,Africa,1990,13303459,Past,population
Zambia,Africa,1990,7686401,Past,population
Tanzania,Africa,1990,26206012,Past,population
Uganda,Africa,1990,17586630,Past,population
Somalia,Africa,1990,6999096,Past,population
Mali,Africa,1990,8945026,Past,population
Angola,Africa,1990,11828638,Past,population
Chad,Africa,1990,5827069,Past,population
Mayotte,Africa,1990,92659,Past,population
DR Congo,Africa,1990,35987541,Past,population
Slovakia,Europe,1990,5261305,Past,population
Syria,Asia,1990,12408996,Past,population
Niger,Africa,1990,8370647,Past,population
Poland,Europe,1990,38064255,Past,population
Moldova,Europe,1990,4480199,Past,population
Ukraine,Europe,2000,48879755,Past,population
Lebanon,Asia,2000,4320642,Past,population
American Samoa,Oceania,2000,58230,Past,population
Bulgaria,Europe,2000,8097691,Past,population
Lithuania,Europe,2000,3599637,Past,population
Latvia,Europe,2000,2392530,Past,population
Marshall Islands,Oceania,2000,54224,Past,population
Bosnia and Herzegovina,Europe,2000,4179350,Past,population
Serbia,Europe,2000,7935022,Past,population
Croatia,Europe,2000,4548434,Past,population
Montserrat,North America,2000,5138,Past,population
Monaco,Europe,2000,32465,Past,population
Greece,Europe,2000,11038109,Past,population
Japan,Asia,2000,126803861,Past,population
Saint Martin,North America,2000,29610,Past,population
North Macedonia,Europe,2000,2037936,Past,population
Belarus,Europe,2000,10256483,Past,population
Albania,Europe,2000,3182021,Past,population
Cuba,North America,2000,11105791,Past,population
Armenia,Asia,2000,3168523,Past,population
Georgia,Asia,2000,4265172,Past,population
Saint Pierre & Miquelon,North America,2000,6274,Past,population
Martinique,North America,2000,432543,Past,population
Italy,Europe,2000,56966397,Past,population
Russia,Europe,2000,146844839,Past,population
San Marino,Europe,2000,26823,Past,population
Vatican City,Europe,2000,651,Past,population
Estonia,Europe,2000,1396877,Past,population
Portugal,Europe,2000,10300626,Past,population
Niue,Oceania,2000,2074,Past,population
Montenegro,Europe,2000,633324,Past,population
Puerto Rico,North America,2000,3827108,Past,population
Uruguay,South America,2000,3292224,Past,population
Aruba,North America,2000,89101,Past,population
Hong Kong,Asia,2000,6731195,Past,population
Guadeloupe,North America,2000,424067,Past,population
Gibraltar,Europe,2000,27741,Past,population
Germany,Europe,2000,81551677,Past,population
South Korea,Asia,2000,46788591,Past,population
Jamaica,North America,2000,2612205,Past,population
Bermuda,North America,2000,61371,Past,population
China,Asia,2000,1264099069,Past,population
Slovenia,Europe,2000,1984339,Past,population
Mauritius,Africa,2000,1215930,Past,population
Cook Islands,Oceania,2000,15897,Past,population
Finland,Europe,2000,5176209,Past,population
Saint Lucia,North America,2000,159500,Past,population
Thailand,Asia,2000,63066603,Past,population
Taiwan,Asia,2000,22194731,Past,population
Barbados,North America,2000,264657,Past,population
France,Europe,2000,58665453,Past,population
Spain,Europe,2000,40741651,Past,population
Palau,Oceania,2000,19726,Past,population
Austria,Europe,2000,8010428,Past,population
Qatar,Asia,2000,645937,Past,population
Sri Lanka,Asia,2000,18776371,Past,population
Sint Maarten,North America,2000,30489,Past,population
Isle of Man,Europe,2000,75562,Past,population
United Kingdom,Europe,2000,58850043,Past,population
El Salvador,North America,2000,5958482,Past,population
Trinidad and Tobago,North America,2000,1332203,Past,population
Netherlands,Europe,2000,15899135,Past,population
Venezuela,South America,2000,24427729,Past,population
Belgium,Europe,2000,10264343,Past,population
North Korea,Asia,2000,23367059,Past,population
United States,North America,2000,282398554,Past,population
Greenland,North America,2000,56184,Past,population
Falkland Islands,South America,2000,3080,Past,population
Kuwait,Asia,2000,1934901,Past,population
Azerbaijan,Asia,2000,8190337,Past,population
Maldives,Asia,2000,282507,Past,population
Dominica,North America,2000,68346,Past,population
Brazil,South America,2000,175873720,Past,population
Denmark,Europe,2000,5340655,Past,population
Bahamas,North America,2000,325014,Past,population
Costa Rica,North America,2000,3979193,Past,population
Argentina,South America,2000,37070774,Past,population
Guyana,South America,2000,759051,Past,population
Switzerland,Europe,2000,7182059,Past,population
Fiji,Oceania,2000,832509,Past,population
Chile,South America,2000,15351799,Past,population
Singapore,Asia,2000,4053602,Past,population
Antigua and Barbuda,North America,2000,75055,Past,population
Norway,Europe,2000,4491202,Past,population
British Virgin Islands,North America,2000,20104,Past,population
Cyprus,Europe,2000,948237,Past,population
Bahrain,Asia,2000,711442,Past,population
Seychelles,Africa,2000,80060,Past,population
Mexico,North America,2000,97873442,Past,population
Indonesia,Asia,2000,214072421,Past,population
Bhutan,Asia,2000,587207,Past,population
Grenada,North America,2000,107432,Past,population
Anguilla,North America,2000,11047,Past,population
Turkey,Asia,2000,64113547,Past,population
India,Asia,2000,1059633675,Past,population
Colombia,South America,2000,39215135,Past,population
Iceland,Europe,2000,281462,Past,population
Myanmar,Asia,2000,45538332,Past,population
Iran,Asia,2000,65544383,Past,population
Guam,Oceania,2000,160188,Past,population
Ireland,Europe,2000,3768950,Past,population
Vietnam,Asia,2000,79001142,Past,population
Liechtenstein,Europe,2000,33026,Past,population
French Polynesia,Oceania,2000,250927,Past,population
New Caledonia,Oceania,2000,221537,Past,population
Tunisia,Africa,2000,9893316,Past,population
Canada,North America,2000,30683313,Past,population
Tonga,Oceania,2000,102603,Past,population
Eswatini,Africa,2000,1030496,Past,population
Sweden,Europe,2000,8871043,Past,population
United Arab Emirates,Asia,2000,3275333,Past,population
Brunei,Asia,2000,333926,Past,population
Suriname,South America,2000,478998,Past,population
Cayman Islands,North America,2000,39658,Past,population
South Africa,Africa,2000,46813266,Past,population
Micronesia,Oceania,2000,111709,Past,population
Tuvalu,Oceania,2000,9638,Past,population
Saint Barthelemy,North America,2000,7082,Past,population
Peru,South America,2000,26654439,Past,population
Australia,Oceania,2000,19017963,Past,population
Dominican Republic,North America,2000,8540791,Past,population
Andorra,Europe,2000,66097,Past,population
Morocco,Africa,2000,28554415,Past,population
Kazakhstan,Asia,2000,15236253,Past,population
Lesotho,Africa,2000,1998630,Past,population
Bangladesh,Asia,2000,129193327,Past,population
Cambodia,Asia,2000,12118841,Past,population
New Zealand,Oceania,2000,3855266,Past,population
Malaysia,Asia,2000,22945150,Past,population
Ecuador,South America,2000,12626507,Past,population
Libya,Africa,2000,5154790,Past,population
Paraguay,South America,2000,5123819,Past,population
Tokelau,Oceania,2000,1666,Past,population
Haiti,North America,2000,8360225,Past,population
Bolivia,South America,2000,8592656,Past,population
Jordan,Asia,2000,5056174,Past,population
Oman,Asia,2000,2344253,Past,population
Malta,Europe,2000,399212,Past,population
Nauru,Oceania,2000,10377,Past,population
Saudi Arabia,Asia,2000,21547390,Past,population
Luxembourg,Europe,2000,435628,Past,population
Belize,North America,2000,240406,Past,population
Panama,North America,2000,3001731,Past,population
Guatemala,North America,2000,11735894,Past,population
Djibouti,Africa,2000,742033,Past,population
Turkmenistan,Asia,2000,4569132,Past,population
Laos,Asia,2000,5430853,Past,population
Nicaragua,North America,2000,5123222,Past,population
Namibia,Africa,2000,1819141,Past,population
Philippines,Asia,2000,77958223,Past,population
Honduras,North America,2000,6656725,Past,population
Mongolia,Asia,2000,2450979,Past,population
South Sudan,Africa,2000,6114440,Past,population
Timor-Leste,Asia,2000,878360,Past,population
Israel,Asia,2000,6116958,Past,population
Egypt,Africa,2000,71371371,Past,population
Kyrgyzstan,Asia,2000,4935182,Past,population
Uzbekistan,Asia,2000,24925554,Past,population
Botswana,Africa,2000,1726985,Past,population
Algeria,Africa,2000,30774621,Past,population
Samoa,Oceania,2000,184008,Past,population
Nepal,Asia,2000,24559500,Past,population
Romania,Europe,2000,21919876,Past,population
Eritrea,Africa,2000,2392880,Past,population
Kiribati,Oceania,2000,88826,Past,population
Comoros,Africa,2000,536758,Past,population
Western Sahara,Africa,2000,270375,Past,population
Pakistan,Asia,2000,154369924,Past,population
Kenya,Africa,2000,30851606,Past,population
Papua New Guinea,Oceania,2000,5508297,Past,population
Ghana,Africa,2000,19665502,Past,population
Zimbabwe,Africa,2000,11834676,Past,population
Gabon,Africa,2000,1272935,Past,population
Tajikistan,Asia,2000,6272998,Past,population
Liberia,Africa,2000,2895224,Past,population
Yemen,Asia,2000,18628700,Past,population
Guinea-Bissau,Africa,2000,1230849,Past,population
Sierra Leone,Africa,2000,4584067,Past,population
Iraq,Asia,2000,24628858,Past,population
Central African Republic,Africa,2000,3759170,Past,population
Solomon Islands,Oceania,2000,429978,Past,population
Rwanda,Africa,2000,8109989,Past,population
Togo,Africa,2000,5008035,Past,population
Vanuatu,Oceania,2000,192074,Past,population
French Guiana,South America,2000,164351,Past,population
Nigeria,Africa,2000,122851984,Past,population
Madagascar,Africa,2000,16216431,Past,population
Guinea,Africa,2000,8336967,Past,population
Equatorial Guinea,Africa,2000,684977,Past,population
Gambia,Africa,2000,1437539,Past,population
Ethiopia,Africa,2000,67031867,Past,population
Afghanistan,Asia,2000,19542982,Past,population
Malawi,Africa,2000,11229387,Past,population
Burkina Faso,Africa,2000,11882888,Past,population
Senegal,Africa,2000,9704287,Past,population
Cameroon,Africa,2000,15091594,Past,population
Mauritania,Africa,2000,2695003,Past,population
Hungary,Europe,2000,10202055,Past,population
Sudan,Africa,2000,26298773,Past,population
Burundi,Africa,2000,6307659,Past,population
Benin,Africa,2000,6998023,Past,population
Mozambique,Africa,2000,17768505,Past,population
Zambia,Africa,2000,9891136,Past,population
Tanzania,Africa,2000,34463704,Past,population
Uganda,Africa,2000,24020697,Past,population
Somalia,Africa,2000,8721465,Past,population
Mali,Africa,2000,11239101,Past,population
Angola,Africa,2000,16394062,Past,population
Chad,Africa,2000,8259137,Past,population
Mayotte,Africa,2000,159215,Past,population
DR Congo,Africa,2000,48616317,Past,population
Slovakia,Europe,2000,5376690,Past,population
Syria,Asia,2000,16307654,Past,population
Niger,Africa,2000,11622665,Past,population
Poland,Europe,2000,38504431,Past,population
Moldova,Europe,2000,4251573,Past,population
Ukraine,Europe,2010,45683020,Past,population
Lebanon,Asia,2010,4995800,Past,population
American Samoa,Oceania,2010,54849,Past,population
Bulgaria,Europe,2010,7592273,Past,population
Lithuania,Europe,2010,3139019,Past,population
Latvia,Europe,2010,2101530,Past,population
Marshall Islands,Oceania,2010,53416,Past,population
Bosnia and Herzegovina,Europe,2010,3811088,Past,population
Serbia,Europe,2010,7653748,Past,population
Croatia,Europe,2010,4368682,Past,population
Montserrat,North America,2010,4938,Past,population
Monaco,Europe,2010,33178,Past,population
Greece,Europe,2010,11033783,Past,population
Japan,Asia,2010,128105431,Past,population
Saint Martin,North America,2010,36458,Past,population
North Macedonia,Europe,2010,2093828,Past,population
Belarus,Europe,2010,9731427,Past,population
Albania,Europe,2010,2913399,Past,population
Cuba,North America,2010,11290417,Past,population
Armenia,Asia,2010,2946293,Past,population
Georgia,Asia,2010,3836831,Past,population
Saint Pierre & Miquelon,North America,2010,6052,Past,population
Martinique,North America,2010,392181,Past,population
Italy,Europe,2010,59822450,Past,population
Russia,Europe,2010,143242599,Past,population
San Marino,Europe,2010,31608,Past,population
Vatican City,Europe,2010,596,Past,population
Estonia,Europe,2010,1331535,Past,population
Portugal,Europe,2010,10588401,Past,population
Niue,Oceania,2010,1812,Past,population
Montenegro,Europe,2010,631044,Past,population
Puerto Rico,North America,2010,3717922,Past,population
Uruguay,South America,2010,3352651,Past,population
Aruba,North America,2010,100341,Past,population
Hong Kong,Asia,2010,7132438,Past,population
Guadeloupe,North America,2010,403072,Past,population
Gibraltar,Europe,2010,31262,Past,population
Germany,Europe,2010,81325090,Past,population
South Korea,Asia,2010,48813042,Past,population
Jamaica,North America,2010,2733896,Past,population
Bermuda,North America,2010,63447,Past,population
China,Asia,2010,1348191368,Past,population
Slovenia,Europe,2010,2057286,Past,population
Mauritius,Africa,2010,1283330,Past,population
Cook Islands,Oceania,2010,17212,Past,population
Finland,Europe,2010,5363271,Past,population
Saint Lucia,North America,2010,170935,Past,population
Thailand,Asia,2010,68270489,Past,population
Taiwan,Asia,2010,23083083,Past,population
Barbados,North America,2010,274711,Past,population
France,Europe,2010,62444567,Past,population
Spain,Europe,2010,46572772,Past,population
Palau,Oceania,2010,18540,Past,population
Austria,Europe,2010,8362829,Past,population
Qatar,Asia,2010,1713504,Past,population
Sri Lanka,Asia,2010,20668557,Past,population
Sint Maarten,North America,2010,33034,Past,population
Isle of Man,Europe,2010,83828,Past,population
United Kingdom,Europe,2010,62760039,Past,population
El Salvador,North America,2010,6114034,Past,population
Trinidad and Tobago,North America,2010,1410296,Past,population
Netherlands,Europe,2010,16617116,Past,population
Venezuela,South America,2010,28715022,Past,population
Belgium,Europe,2010,10877947,Past,population
North Korea,Asia,2010,24686435,Past,population
United States,North America,2010,311182845,Past,population
Greenland,North America,2010,56351,Past,population
Falkland Islands,South America,2010,3187,Past,population
Kuwait,Asia,2010,2943356,Past,population
Azerbaijan,Asia,2010,9237202,Past,population
Maldives,Asia,2010,361575,Past,population
Dominica,North America,2010,68755,Past,population
Brazil,South America,2010,196353492,Past,population
Denmark,Europe,2010,5550849,Past,population
Bahamas,North America,2010,373272,Past,population
Costa Rica,North America,2010,4622252,Past,population
Argentina,South America,2010,41100123,Past,population
Guyana,South America,2010,747932,Past,population
Switzerland,Europe,2010,7822435,Past,population
Fiji,Oceania,2010,905169,Past,population
Chile,South America,2010,17004162,Past,population
Singapore,Asia,2010,5163590,Past,population
Antigua and Barbuda,North America,2010,85695,Past,population
Norway,Europe,2010,4889741,Past,population
British Virgin Islands,North America,2010,27556,Past,population
Cyprus,Europe,2010,1129686,Past,population
Bahrain,Asia,2010,1213645,Past,population
Seychelles,Africa,2010,92409,Past,population
Mexico,North America,2010,112532401,Past,population
Indonesia,Asia,2010,244016173,Past,population
Bhutan,Asia,2010,705516,Past,population
Grenada,North America,2010,114039,Past,population
Anguilla,North America,2010,13172,Past,population
Turkey,Asia,2010,73195345,Past,population
India,Asia,2010,1240613620,Past,population
Colombia,South America,2010,44816108,Past,population
Iceland,Europe,2010,318333,Past,population
Myanmar,Asia,2010,49390988,Past,population
Iran,Asia,2010,75373855,Past,population
Guam,Oceania,2010,164905,Past,population
Ireland,Europe,2010,4524585,Past,population
Vietnam,Asia,2010,87411012,Past,population
Liechtenstein,Europe,2010,35926,Past,population
French Polynesia,Oceania,2010,283788,Past,population
New Caledonia,Oceania,2010,261426,Past,population
Tunisia,Africa,2010,10895063,Past,population
Canada,North America,2010,33963412,Past,population
Tonga,Oceania,2010,107383,Past,population
Eswatini,Africa,2010,1099920,Past,population
Sweden,Europe,2010,9381729,Past,population
United Arab Emirates,Asia,2010,8481771,Past,population
Brunei,Asia,2010,396053,Past,population
Suriname,South America,2010,546080,Past,population
Cayman Islands,North America,2010,54074,Past,population
South Africa,Africa,2010,51784921,Past,population
Micronesia,Oceania,2010,107588,Past,population
Tuvalu,Oceania,2010,10550,Past,population
Saint Barthelemy,North America,2010,8988,Past,population
Peru,South America,2010,29229572,Past,population
Australia,Oceania,2010,22019168,Past,population
Dominican Republic,North America,2010,9775755,Past,population
Andorra,Europe,2010,71519,Past,population
Morocco,Africa,2010,32464865,Past,population
Kazakhstan,Asia,2010,16627837,Past,population
Lesotho,Africa,2010,2022747,Past,population
Bangladesh,Asia,2010,148391139,Past,population
Cambodia,Asia,2010,14363532,Past,population
New Zealand,Oceania,2010,4346338,Past,population
Malaysia,Asia,2010,28717731,Past,population
Ecuador,South America,2010,14989585,Past,population
Libya,Africa,2010,6491988,Past,population
Paraguay,South America,2010,5768613,Past,population
Tokelau,Oceania,2010,1367,Past,population
Haiti,North America,2010,9842880,Past,population
Bolivia,South America,2010,10223270,Past,population
Jordan,Asia,2010,6931258,Past,population
Oman,Asia,2010,2881914,Past,population
Malta,Europe,2010,418755,Past,population
Nauru,Oceania,2010,10241,Past,population
Saudi Arabia,Asia,2010,29411929,Past,population
Luxembourg,Europe,2010,507070,Past,population
Belize,North America,2010,322106,Past,population
Panama,North America,2010,3623617,Past,population
Guatemala,North America,2010,14543121,Past,population
Djibouti,Africa,2010,919199,Past,population
Turkmenistan,Asia,2010,5267970,Past,population
Laos,Asia,2010,6323418,Past,population
Nicaragua,North America,2010,5855734,Past,population
Namibia,Africa,2010,2099271,Past,population
Philippines,Asia,2010,94636700,Past,population
Honduras,North America,2010,8450933,Past,population
Mongolia,Asia,2010,2702520,Past,population
South Sudan,Africa,2010,9714419,Past,population
Timor-Leste,Asia,2010,1088486,Past,population
Israel,Asia,2010,7328445,Past,population
Egypt,Africa,2010,87252413,Past,population
Kyrgyzstan,Asia,2010,5483774,Past,population
Uzbekistan,Asia,2010,28614227,Past,population
Botswana,Africa,2010,2091664,Past,population
Algeria,Africa,2010,35856344,Past,population
Samoa,Oceania,2010,194672,Past,population
Nepal,Asia,2010,27161567,Past,population
Romania,Europe,2010,20335211,Past,population
Eritrea,Africa,2010,3147727,Past,population
Kiribati,Oceania,2010,107995,Past,population
Comoros,Africa,2010,656024,Past,population
Western Sahara,Africa,2010,413296,Past,population
Pakistan,Asia,2010,194454498,Past,population
Kenya,Africa,2010,41517895,Past,population
Papua New Guinea,Oceania,2010,7583269,Past,population
Ghana,Africa,2010,25574719,Past,population
Zimbabwe,Africa,2010,12839771,Past,population
Gabon,Africa,2010,1711105,Past,population
Tajikistan,Asia,2010,7621779,Past,population
Liberia,Africa,2010,4019956,Past,population
Yemen,Asia,2010,24743946,Past,population
Guinea-Bissau,Africa,2010,1567220,Past,population
Sierra Leone,Africa,2010,6436698,Past,population
Iraq,Asia,2010,31264875,Past,population
Central African Republic,Africa,2010,4660067,Past,population
Solomon Islands,Oceania,2010,540394,Past,population
Rwanda,Africa,2010,10309031,Past,population
Togo,Africa,2010,6571855,Past,population
Vanuatu,Oceania,2010,245453,Past,population
French Guiana,South America,2010,228453,Past,population
Nigeria,Africa,2010,160952853,Past,population
Madagascar,Africa,2010,21731053,Past,population
Guinea,Africa,2010,10270728,Past,population
Equatorial Guinea,Africa,2010,1094524,Past,population
Gambia,Africa,2010,1937275,Past,population
Ethiopia,Africa,2010,89237791,Past,population
Afghanistan,Asia,2010,28189672,Past,population
Malawi,Africa,2010,14718422,Past,population
Burkina Faso,Africa,2010,16116845,Past,population
Senegal,Africa,2010,12530121,Past,population
Cameroon,Africa,2010,19878036,Past,population
Mauritania,Africa,2010,3419461,Past,population
Hungary,Europe,2010,9986825,Past,population
Sudan,Africa,2010,33739933,Past,population
Burundi,Africa,2010,9126605,Past,population
Benin,Africa,2010,9445710,Past,population
Mozambique,Africa,2010,23073723,Past,population
Zambia,Africa,2010,13792086,Past,population
Tanzania,Africa,2010,45110527,Past,population
Uganda,Africa,2010,32341728,Past,population
Somalia,Africa,2010,12026649,Past,population
Mali,Africa,2010,15529181,Past,population
Angola,Africa,2010,23364185,Past,population
Chad,Africa,2010,11894727,Past,population
Mayotte,Africa,2010,211786,Past,population
DR Congo,Africa,2010,66391257,Past,population
Slovakia,Europe,2010,5396424,Past,population
Syria,Asia,2010,22337563,Past,population
Niger,Africa,2010,16647543,Past,population
Poland,Europe,2010,38597353,Past,population
Moldova,Europe,2010,3678186,Past,population
Ukraine,Europe,2020,43909666,Past,population
Lebanon,Asia,2020,5662923,Past,population
American Samoa,Oceania,2020,46189,Past,population
Bulgaria,Europe,2020,6979175,Past,population
Lithuania,Europe,2020,2820267,Past,population
Latvia,Europe,2020,1897052,Past,population
Marshall Islands,Oceania,2020,43413,Past,population
Bosnia and Herzegovina,Europe,2020,3318407,Past,population
Serbia,Europe,2020,7358005,Past,population
Croatia,Europe,2020,4096868,Past,population
Montserrat,North America,2020,4500,Past,population
Monaco,Europe,2020,36922,Past,population
Greece,Europe,2020,10512232,Past,population
Japan,Asia,2020,125244761,Past,population
Saint Martin,North America,2020,32552,Past,population
North Macedonia,Europe,2020,2111072,Past,population
Belarus,Europe,2020,9633740,Past,population
Albania,Europe,2020,2866849,Past,population
Cuba,North America,2020,11300698,Past,population
Armenia,Asia,2020,2805608,Past,population
Georgia,Asia,2020,3765912,Past,population
Saint Pierre & Miquelon,North America,2020,5906,Past,population
Martinique,North America,2020,370391,Past,population
Italy,Europe,2020,59500579,Past,population
Russia,Europe,2020,145617329,Past,population
San Marino,Europe,2020,34007,Past,population
Vatican City,Europe,2020,520,Past,population
Estonia,Europe,2020,1329444,Past,population
Portugal,Europe,2020,10298192,Past,population
Niue,Oceania,2020,1942,Past,population
Montenegro,Europe,2020,629048,Past,population
Puerto Rico,North America,2020,3271564,Past,population
Uruguay,South America,2020,3429086,Past,population
Aruba,North America,2020,106585,Past,population
Hong Kong,Asia,2020,7500958,Past,population
Guadeloupe,North America,2020,395642,Past,population
Gibraltar,Europe,2020,32709,Past,population
Germany,Europe,2020,83328988,Past,population
South Korea,Asia,2020,51844690,Past,population
Jamaica,North America,2020,2820436,Past,population
Bermuda,North America,2020,64031,Past,population
China,Asia,2020,1424929781,Past,population
Slovenia,Europe,2020,2117641,Past,population
Mauritius,Africa,2020,1297828,Past,population
Cook Islands,Oceania,2020,17029,Past,population
Finland,Europe,2020,5529468,Past,population
Saint Lucia,North America,2020,179237,Past,population
Thailand,Asia,2020,71475664,Past,population
Taiwan,Asia,2020,23821464,Past,population
Barbados,North America,2020,280693,Past,population
France,Europe,2020,64480053,Past,population
Spain,Europe,2020,47363807,Past,population
Palau,Oceania,2020,17972,Past,population
Austria,Europe,2020,8907777,Past,population
Qatar,Asia,2020,2760385,Past,population
Sri Lanka,Asia,2020,21715079,Past,population
Sint Maarten,North America,2020,43621,Past,population
Isle of Man,Europe,2020,84046,Past,population
United Kingdom,Europe,2020,67059474,Past,population
El Salvador,North America,2020,6292731,Past,population
Trinidad and Tobago,North America,2020,1518147,Past,population
Netherlands,Europe,2020,17434557,Past,population
Venezuela,South America,2020,28490453,Past,population
Belgium,Europe,2020,11561717,Past,population
North Korea,Asia,2020,25867467,Past,population
United States,North America,2020,335942003,Past,population
Greenland,North America,2020,56026,Past,population
Falkland Islands,South America,2020,3747,Past,population
Kuwait,Asia,2020,4360444,Past,population
Azerbaijan,Asia,2020,10284951,Past,population
Maldives,Asia,2020,514438,Past,population
Dominica,North America,2020,71995,Past,population
Brazil,South America,2020,213196304,Past,population
Denmark,Europe,2020,5825641,Past,population
Bahamas,North America,2020,406471,Past,population
Costa Rica,North America,2020,5123105,Past,population
Argentina,South America,2020,45036032,Past,population
Guyana,South America,2020,797202,Past,population
Switzerland,Europe,2020,8638613,Past,population
Fiji,Oceania,2020,920422,Past,population
Chile,South America,2020,19300315,Past,population
Singapore,Asia,2020,5909869,Past,population
Antigua and Barbuda,North America,2020,92664,Past,population
Norway,Europe,2020,5379839,Past,population
British Virgin Islands,North America,2020,30910,Past,population
Cyprus,Europe,2020,1237537,Past,population
Bahrain,Asia,2020,1477469,Past,population
Seychelles,Africa,2020,105530,Past,population
Mexico,North America,2020,125998302,Past,population
Indonesia,Asia,2020,271857970,Past,population
Bhutan,Asia,2020,772506,Past,population
Grenada,North America,2020,123663,Past,population
Anguilla,North America,2020,15585,Past,population
Turkey,Asia,2020,84135428,Past,population
India,Asia,2020,1396387127,Past,population
Colombia,South America,2020,50930662,Past,population
Iceland,Europe,2020,366669,Past,population
Myanmar,Asia,2020,53423198,Past,population
Iran,Asia,2020,87290193,Past,population
Guam,Oceania,2020,169231,Past,population
Ireland,Europe,2020,4946119,Past,population
Vietnam,Asia,2020,96648685,Past,population
Liechtenstein,Europe,2020,38756,Past,population
French Polynesia,Oceania,2020,301920,Past,population
New Caledonia,Oceania,2020,286403,Past,population
Tunisia,Africa,2020,12161723,Past,population
Canada,North America,2020,37888705,Past,population
Tonga,Oceania,2020,105254,Past,population
Eswatini,Africa,2020,1180655,Past,population
Sweden,Europe,2020,10368969,Past,population
United Arab Emirates,Asia,2020,9287289,Past,population
Brunei,Asia,2020,441725,Past,population
Suriname,South America,2020,607065,Past,population
Cayman Islands,North America,2020,67311,Past,population
South Africa,Africa,2020,58801927,Past,population
Micronesia,Oceania,2020,112106,Past,population
Tuvalu,Oceania,2020,11069,Past,population
Saint Barthelemy,North America,2020,10681,Past,population
Peru,South America,2020,33304756,Past,population
Australia,Oceania,2020,25670051,Past,population
Dominican Republic,North America,2020,10999664,Past,population
Andorra,Europe,2020,77700,Past,population
Morocco,Africa,2020,36688772,Past,population
Kazakhstan,Asia,2020,18979243,Past,population
Lesotho,Africa,2020,2254100,Past,population
Bangladesh,Asia,2020,167420951,Past,population
Cambodia,Asia,2020,16396860,Past,population
New Zealand,Oceania,2020,5061133,Past,population
Malaysia,Asia,2020,33199993,Past,population
Ecuador,South America,2020,17588595,Past,population
Libya,Africa,2020,6653942,Past,population
Paraguay,South America,2020,6618695,Past,population
Tokelau,Oceania,2020,1827,Past,population
Haiti,North America,2020,11306801,Past,population
Bolivia,South America,2020,11936162,Past,population
Jordan,Asia,2020,10928721,Past,population
Oman,Asia,2020,4543399,Past,population
Malta,Europe,2020,515357,Past,population
Nauru,Oceania,2020,12315,Past,population
Saudi Arabia,Asia,2020,35997107,Past,population
Luxembourg,Europe,2020,630399,Past,population
Belize,North America,2020,394921,Past,population
Panama,North America,2020,4294396,Past,population
Guatemala,North America,2020,17362718,Past,population
Djibouti,Africa,2020,1090156,Past,population
Turkmenistan,Asia,2020,6250438,Past,population
Laos,Asia,2020,7319399,Past,population
Nicaragua,North America,2020,6755895,Past,population
Namibia,Africa,2020,2489098,Past,population
Philippines,Asia,2020,112190977,Past,population
Honduras,North America,2020,10121763,Past,population
Mongolia,Asia,2020,3294335,Past,population
South Sudan,Africa,2020,10606227,Past,population
Timor-Leste,Asia,2020,1299995,Past,population
Israel,Asia,2020,8757489,Past,population
Egypt,Africa,2020,107465134,Past,population
Kyrgyzstan,Asia,2020,6424874,Past,population
Uzbekistan,Asia,2020,33526656,Past,population
Botswana,Africa,2020,2546402,Past,population
Algeria,Africa,2020,43451666,Past,population
Samoa,Oceania,2020,214929,Past,population
Nepal,Asia,2020,29348627,Past,population
Romania,Europe,2020,19442038,Past,population
Eritrea,Africa,2020,3555868,Past,population
Kiribati,Oceania,2020,126463,Past,population
Comoros,Africa,2020,806166,Past,population
Western Sahara,Africa,2020,556048,Past,population
Pakistan,Asia,2020,227196741,Past,population
Kenya,Africa,2020,51985780,Past,population
Papua New Guinea,Oceania,2020,9749640,Past,population
Ghana,Africa,2020,32180401,Past,population
Zimbabwe,Africa,2020,15669666,Past,population
Gabon,Africa,2020,2292573,Past,population
Tajikistan,Asia,2020,9543207,Past,population
Liberia,Africa,2020,5087584,Past,population
Yemen,Asia,2020,32284046,Past,population
Guinea-Bissau,Africa,2020,2015828,Past,population
Sierra Leone,Africa,2020,8233969,Past,population
Iraq,Asia,2020,42556984,Past,population
Central African Republic,Africa,2020,5343020,Past,population
Solomon Islands,Oceania,2020,691191,Past,population
Rwanda,Africa,2020,13146362,Past,population
Togo,Africa,2020,8442580,Past,population
Vanuatu,Oceania,2020,311685,Past,population
French Guiana,South America,2020,290969,Past,population
Nigeria,Africa,2020,208327405,Past,population
Madagascar,Africa,2020,28225177,Past,population
Guinea,Africa,2020,13205153,Past,population
Equatorial Guinea,Africa,2020,1596049,Past,population
Gambia,Africa,2020,2573995,Past,population
Ethiopia,Africa,2020,117190911,Past,population
Afghanistan,Asia,2020,38972230,Past,population
Malawi,Africa,2020,19377061,Past,population
Burkina Faso,Africa,2020,21522626,Past,population
Senegal,Africa,2020,16436119,Past,population
Cameroon,Africa,2020,26491087,Past,population
Mauritania,Africa,2020,4498604,Past,population
Hungary,Europe,2020,9750573,Past,population
Sudan,Africa,2020,44440486,Past,population
Burundi,Africa,2020,12220227,Past,population
Benin,Africa,2020,12643123,Past,population
Mozambique,Africa,2020,31178239,Past,population
Zambia,Africa,2020,18927715,Past,population
Tanzania,Africa,2020,61704518,Past,population
Uganda,Africa,2020,44404611,Past,population
Somalia,Africa,2020,16537016,Past,population
Mali,Africa,2020,21224040,Past,population
Angola,Africa,2020,33428485,Past,population
Chad,Africa,2020,16644701,Past,population
Mayotte,Africa,2020,305587,Past,population
DR Congo,Africa,2020,92853164,Past,population
Slovakia,Europe,2020,5456681,Past,population
Syria,Asia,2020,20772595,Past,population
Niger,Africa,2020,24333639,Past,population
Poland,Europe,2020,38428366,Past,population
Moldova,Europe,2020,3084847,Past,population
Ukraine,Europe,2022,39701739,Past,population
Lebanon,Asia,2022,5489739,Past,population
American Samoa,Oceania,2022,44273,Past,population
Bulgaria,Europe,2022,6781953,Past,population
Lithuania,Europe,2022,2750055,Past,population
Latvia,Europe,2022,1850651,Past,population
Marshall Islands,Oceania,2022,41569,Past,population
Bosnia and Herzegovina,Europe,2022,3233526,Past,population
Serbia,Europe,2022,7221365,Past,population
Croatia,Europe,2022,4030358,Past,population
Montserrat,North America,2022,4390,Past,population
Monaco,Europe,2022,36469,Past,population
Greece,Europe,2022,10384971,Past,population
Japan,Asia,2022,123951692,Past,population
Saint Martin,North America,2022,31791,Past,population
North Macedonia,Europe,2022,2093599,Past,population
Belarus,Europe,2022,9534954,Past,population
Albania,Europe,2022,2842321,Past,population
Cuba,North America,2022,11212191,Past,population
Armenia,Asia,2022,2780469,Past,population
Georgia,Asia,2022,3744385,Past,population
Saint Pierre & Miquelon,North America,2022,5862,Past,population
Martinique,North America,2022,367507,Past,population
Italy,Europe,2022,59037474,Past,population
Russia,Europe,2022,144713314,Past,population
San Marino,Europe,2022,33660,Past,population
Vatican City,Europe,2022,510,Past,population
Estonia,Europe,2022,1326062,Past,population
Portugal,Europe,2022,10270865,Past,population
Niue,Oceania,2022,1934,Past,population
Montenegro,Europe,2022,627082,Past,population
Puerto Rico,North America,2022,3252407,Past,population
Uruguay,South America,2022,3422794,Past,population
Aruba,North America,2022,106445,Past,population
Hong Kong,Asia,2022,7488865,Past,population
Guadeloupe,North America,2022,395752,Past,population
Gibraltar,Europe,2022,32649,Past,population
Germany,Europe,2022,83369843,Past,population
South Korea,Asia,2022,51815810,Past,population
Jamaica,North America,2022,2827377,Past,population
Bermuda,North America,2022,64184,Past,population
China,Asia,2022,1425887337,Past,population
Slovenia,Europe,2022,2119844,Past,population
Mauritius,Africa,2022,1299469,Past,population
Cook Islands,Oceania,2022,17011,Past,population
Finland,Europe,2022,5540745,Past,population
Saint Lucia,North America,2022,179857,Past,population
Thailand,Asia,2022,71697030,Past,population
Taiwan,Asia,2022,23893394,Past,population
Barbados,North America,2022,281635,Past,population
France,Europe,2022,64626628,Past,population
Spain,Europe,2022,47558630,Past,population
Palau,Oceania,2022,18055,Past,population
Austria,Europe,2022,8939617,Past,population
Qatar,Asia,2022,2695122,Past,population
Sri Lanka,Asia,2022,21832143,Past,population
Sint Maarten,North America,2022,44175,Past,population
Isle of Man,Europe,2022,84519,Past,population
United Kingdom,Europe,2022,67508936,Past,population
El Salvador,North America,2022,6336392,Past,population
Trinidad and Tobago,North America,2022,1531044,Past,population
Netherlands,Europe,2022,17564014,Past,population
Venezuela,South America,2022,28301696,Past,population
Belgium,Europe,2022,11655930,Past,population
North Korea,Asia,2022,26069416,Past,population
United States,North America,2022,338289857,Past,population
Greenland,North America,2022,56466,Past,population
Falkland Islands,South America,2022,3780,Past,population
Kuwait,Asia,2022,4268873,Past,population
Azerbaijan,Asia,2022,10358074,Past,population
Maldives,Asia,2022,523787,Past,population
Dominica,North America,2022,72737,Past,population
Brazil,South America,2022,215313498,Past,population
Denmark,Europe,2022,5882261,Past,population
Bahamas,North America,2022,409984,Past,population
Costa Rica,North America,2022,5180829,Past,population
Argentina,South America,2022,45510318,Past,population
Guyana,South America,2022,808726,Past,population
Switzerland,Europe,2022,8740472,Past,population
Fiji,Oceania,2022,929766,Past,population
Chile,South America,2022,19603733,Past,population
Singapore,Asia,2022,5975689,Past,population
Antigua and Barbuda,North America,2022,93763,Past,population
Norway,Europe,2022,5434319,Past,population
British Virgin Islands,North America,2022,31305,Past,population
Cyprus,Europe,2022,1251488,Past,population
Bahrain,Asia,2022,1472233,Past,population
Seychelles,Africa,2022,107118,Past,population
Mexico,North America,2022,127504125,Past,population
Indonesia,Asia,2022,275501339,Past,population
Bhutan,Asia,2022,782455,Past,population
Grenada,North America,2022,125438,Past,population
Anguilla,North America,2022,15857,Past,population
Turkey,Asia,2022,85341241,Past,population
India,Asia,2022,1417173173,Past,population
Colombia,South America,2022,51874024,Past,population
Iceland,Europe,2022,372899,Past,population
Myanmar,Asia,2022,54179306,Past,population
Iran,Asia,2022,88550570,Past,population
Guam,Oceania,2022,171774,Past,population
Ireland,Europe,2022,5023109,Past,population
Vietnam,Asia,2022,98186856,Past,population
Liechtenstein,Europe,2022,39327,Past,population
French Polynesia,Oceania,2022,306279,Past,population
New Caledonia,Oceania,2022,289950,Past,population
Tunisia,Africa,2022,12356117,Past,population
Canada,North America,2022,38454327,Past,population
Tonga,Oceania,2022,106858,Past,population
Eswatini,Africa,2022,1201670,Past,population
Sweden,Europe,2022,10549347,Past,population
United Arab Emirates,Asia,2022,9441129,Past,population
Brunei,Asia,2022,449002,Past,population
Suriname,South America,2022,618040,Past,population
Cayman Islands,North America,2022,68706,Past,population
South Africa,Africa,2022,59893885,Past,population
Micronesia,Oceania,2022,114164,Past,population
Tuvalu,Oceania,2022,11312,Past,population
Saint Barthelemy,North America,2022,10967,Past,population
Peru,South America,2022,34049588,Past,population
Australia,Oceania,2022,26177413,Past,population
Dominican Republic,North America,2022,11228821,Past,population
Andorra,Europe,2022,79824,Past,population
Morocco,Africa,2022,37457971,Past,population
Kazakhstan,Asia,2022,19397998,Past,population
Lesotho,Africa,2022,2305825,Past,population
Bangladesh,Asia,2022,171186372,Past,population
Cambodia,Asia,2022,16767842,Past,population
New Zealand,Oceania,2022,5185288,Past,population
Malaysia,Asia,2022,33938221,Past,population
Ecuador,South America,2022,18001000,Past,population
Libya,Africa,2022,6812341,Past,population
Paraguay,South America,2022,6780744,Past,population
Tokelau,Oceania,2022,1871,Past,population
Haiti,North America,2022,11584996,Past,population
Bolivia,South America,2022,12224110,Past,population
Jordan,Asia,2022,11285869,Past,population
Oman,Asia,2022,4576298,Past,population
Malta,Europe,2022,533286,Past,population
Nauru,Oceania,2022,12668,Past,population
Saudi Arabia,Asia,2022,36408820,Past,population
Luxembourg,Europe,2022,647599,Past,population
Belize,North America,2022,405272,Past,population
Panama,North America,2022,4408581,Past,population
Guatemala,North America,2022,17843908,Past,population
Djibouti,Africa,2022,1120849,Past,population
Turkmenistan,Asia,2022,6430770,Past,population
Laos,Asia,2022,7529475,Past,population
Nicaragua,North America,2022,6948392,Past,population
Namibia,Africa,2022,2567012,Past,population
Philippines,Asia,2022,115559009,Past,population
Honduras,North America,2022,10432860,Past,population
Mongolia,Asia,2022,3398366,Past,population
South Sudan,Africa,2022,10913164,Past,population
Timor-Leste,Asia,2022,1341296,Past,population
Israel,Asia,2022,9038309,Past,population
Egypt,Africa,2022,110990103,Past,population
Kyrgyzstan,Asia,2022,6630623,Past,population
Uzbekistan,Asia,2022,34627652,Past,population
Botswana,Africa,2022,2630296,Past,population
Algeria,Africa,2022,44903225,Past,population
Samoa,Oceania,2022,222382,Past,population
Nepal,Asia,2022,30547580,Past,population
Romania,Europe,2022,19659267,Past,population
Eritrea,Africa,2022,3684032,Past,population
Kiribati,Oceania,2022,131232,Past,population
Comoros,Africa,2022,836774,Past,population
Western Sahara,Africa,2022,575986,Past,population
Pakistan,Asia,2022,235824862,Past,population
Kenya,Africa,2022,54027487,Past,population
Papua New Guinea,Oceania,2022,10142619,Past,population
Ghana,Africa,2022,33475870,Past,population
Zimbabwe,Africa,2022,16320537,Past,population
Gabon,Africa,2022,2388992,Past,population
Tajikistan,Asia,2022,9952787,Past,population
Liberia,Africa,2022,5302681,Past,population
Yemen,Asia,2022,33696614,Past,population
Guinea-Bissau,Africa,2022,2105566,Past,population
Sierra Leone,Africa,2022,8605718,Past,population
Iraq,Asia,2022,44496122,Past,population
Central African Republic,Africa,2022,5579144,Past,population
Solomon Islands,Oceania,2022,724273,Past,population
Rwanda,Africa,2022,13776698,Past,population
Togo,Africa,2022,8848699,Past,population
Vanuatu,Oceania,2022,326740,Past,population
French Guiana,South America,2022,304557,Past,population
Nigeria,Africa,2022,218541212,Past,population
Madagascar,Africa,2022,29611714,Past,population
Guinea,Africa,2022,13859341,Past,population
Equatorial Guinea,Africa,2022,1674908,Past,population
Gambia,Africa,2022,2705992,Past,population
Ethiopia,Africa,2022,123379924,Past,population
Afghanistan,Asia,2022,41128771,Past,population
Malawi,Africa,2022,20405317,Past,population
Burkina Faso,Africa,2022,22673762,Past,population
Senegal,Africa,2022,17316449,Past,population
Cameroon,Africa,2022,27914536,Past,population
Mauritania,Africa,2022,4736139,Past,population
Hungary,Europe,2022,9967308,Past,population
Sudan,Africa,2022,46874204,Past,population
Burundi,Africa,2022,12889576,Past,population
Benin,Africa,2022,13352864,Past,population
Mozambique,Africa,2022,32969517,Past,population
Zambia,Africa,2022,20017675,Past,population
Tanzania,Africa,2022,65497748,Past,population
Uganda,Africa,2022,47249585,Past,population
Somalia,Africa,2022,17597511,Past,population
Mali,Africa,2022,22593590,Past,population
Angola,Africa,2022,35588987,Past,population
Chad,Africa,2022,17723315,Past,population
Mayotte,Africa,2022,326101,Past,population
DR Congo,Africa,2022,99010212,Past,population
Slovakia,Europe,2022,5643453,Past,population
Syria,Asia,2022,22125249,Past,population
Niger,Africa,2022,26207977,Past,population
Poland,Europe,2022,39857145,Past,population
Moldova,Europe,2022,3272996,Past,population
Ukraine,Europe,2030,38295429,Future,population
Lebanon,Asia,2030,4714240,Future,population
American Samoa,Oceania,2030,41142,Future,population
Bulgaria,Europe,2030,6290166,Future,population
Lithuania,Europe,2030,2558928,Future,population
Latvia,Europe,2030,1701338,Future,population
Marshall Islands,Oceania,2030,44733,Future,population
Bosnia and Herzegovina,Europe,2030,3111789,Future,population
Serbia,Europe,2030,6832604,Future,population
Croatia,Europe,2030,3850140,Future,population
Montserrat,North America,2030,4301,Future,population
Monaco,Europe,2030,35862,Future,population
Greece,Europe,2030,10059703,Future,population
Japan,Asia,2030,118514802,Future,population
Saint Martin,North America,2030,33508,Future,population
North Macedonia,Europe,2030,2072255,Future,population
Belarus,Europe,2030,9206170,Future,population
Albania,Europe,2030,2789599,Future,population
Cuba,North America,2030,11016041,Future,population
Armenia,Asia,2030,2759528,Future,population
Georgia,Asia,2030,3657494,Future,population
Saint Pierre & Miquelon,North America,2030,5651,Future,population
Martinique,North America,2030,362472,Future,population
Italy,Europe,2030,57544258,Future,population
Russia,Europe,2030,141432741,Future,population
San Marino,Europe,2030,33458,Future,population
Vatican City,Europe,2030,561,Future,population
Estonia,Europe,2030,1289441,Future,population
Portugal,Europe,2030,10062183,Future,population
Niue,Oceania,2030,1948,Future,population
Montenegro,Europe,2030,621696,Future,population
Puerto Rico,North America,2030,3259722,Future,population
Uruguay,South America,2030,3423372,Future,population
Aruba,North America,2030,104924,Future,population
Hong Kong,Asia,2030,7485887,Future,population
Guadeloupe,North America,2030,399728,Future,population
Gibraltar,Europe,2030,32771,Future,population
Germany,Europe,2030,82762675,Future,population
South Korea,Asia,2030,51290214,Future,population
Jamaica,North America,2030,2804356,Future,population
Bermuda,North America,2030,62806,Future,population
China,Asia,2030,1415605906,Future,population
Slovenia,Europe,2030,2105945,Future,population
Mauritius,Africa,2030,1305425,Future,population
Cook Islands,Oceania,2030,17253,Future,population
Finland,Europe,2030,5565475,Future,population
Saint Lucia,North America,2030,183274,Future,population
Thailand,Asia,2030,72060018,Future,population
Taiwan,Asia,2030,24027999,Future,population
Barbados,North America,2030,283082,Future,population
France,Europe,2030,65543452,Future,population
Spain,Europe,2030,47076573,Future,population
Palau,Oceania,2030,17919,Future,population
Austria,Europe,2030,9054576,Future,population
Qatar,Asia,2030,2855291,Future,population
Sri Lanka,Asia,2030,22186970,Future,population
Sint Maarten,North America,2030,44946,Future,population
Isle of Man,Europe,2030,85798,Future,population
United Kingdom,Europe,2030,69175770,Future,population
El Salvador,North America,2030,6554224,Future,population
Trinidad and Tobago,North America,2030,1547690,Future,population
Netherlands,Europe,2030,17943803,Future,population
Venezuela,South America,2030,32027461,Future,population
Belgium,Europe,2030,11873460,Future,population
North Korea,Asia,2030,26569401,Future,population
United States,North America,2030,352162301,Future,population
Greenland,North America,2030,57152,Future,population
Falkland Islands,South America,2030,3869,Future,population
Kuwait,Asia,2030,4564570,Future,population
Azerbaijan,Asia,2030,10711138,Future,population
Maldives,Asia,2030,512683,Future,population
Dominica,North America,2030,74988,Future,population
Brazil,South America,2030,223908968,Future,population
Denmark,Europe,2030,6104474,Future,population
Bahamas,North America,2030,429846,Future,population
Costa Rica,North America,2030,5432243,Future,population
Argentina,South America,2030,47678560,Future,population
Guyana,South America,2030,848033,Future,population
Switzerland,Europe,2030,9143698,Future,population
Fiji,Oceania,2030,986172,Future,population
Chile,South America,2030,19933769,Future,population
Singapore,Asia,2030,6251988,Future,population
Antigua and Barbuda,North America,2030,97510,Future,population
Norway,Europe,2030,5748397,Future,population
British Virgin Islands,North America,2030,32995,Future,population
Cyprus,Europe,2030,1311784,Future,population
Bahrain,Asia,2030,1574679,Future,population
Seychelles,Africa,2030,111317,Future,population
Mexico,North America,2030,134534107,Future,population
Indonesia,Asia,2030,292150100,Future,population
Bhutan,Asia,2030,821498,Future,population
Grenada,North America,2030,130366,Future,population
Anguilla,North America,2030,16055,Future,population
Turkey,Asia,2030,88879698,Future,population
India,Asia,2030,1514994080,Future,population
Colombia,South America,2030,54129764,Future,population
Iceland,Europe,2030,390338,Future,population
Myanmar,Asia,2030,56987625,Future,population
Iran,Asia,2030,92921017,Future,population
Guam,Oceania,2030,180746,Future,population
Ireland,Europe,2030,5266881,Future,population
Vietnam,Asia,2030,102699905,Future,population
Liechtenstein,Europe,2030,41030,Future,population
French Polynesia,Oceania,2030,324860,Future,population
New Caledonia,Oceania,2030,312529,Future,population
Tunisia,Africa,2030,13100768,Future,population
Canada,North America,2030,41008596,Future,population
Tonga,Oceania,2030,114124,Future,population
Eswatini,Africa,2030,1305985,Future,population
Sweden,Europe,2030,11007228,Future,population
United Arab Emirates,Asia,2030,10004319,Future,population
Brunei,Asia,2030,473312,Future,population
Suriname,South America,2030,659508,Future,population
Cayman Islands,North America,2030,72865,Future,population
South Africa,Africa,2030,64659278,Future,population
Micronesia,Oceania,2030,122704,Future,population
Tuvalu,Oceania,2030,11917,Future,population
Saint Barthelemy,North America,2030,11113,Future,population
Peru,South America,2030,36702393,Future,population
Australia,Oceania,2030,28202414,Future,population
Dominican Republic,North America,2030,11982523,Future,population
Andorra,Europe,2030,81528,Future,population
Morocco,Africa,2030,40226395,Future,population
Kazakhstan,Asia,2030,21128221,Future,population
Lesotho,Africa,2030,2501946,Future,population
Bangladesh,Asia,2030,184424144,Future,population
Cambodia,Asia,2030,18084248,Future,population
New Zealand,Oceania,2030,5495670,Future,population
Malaysia,Asia,2030,36687569,Future,population
Ecuador,South America,2030,19486952,Future,population
Libya,Africa,2030,7394813,Future,population
Paraguay,South America,2030,7425448,Future,population
Tokelau,Oceania,2030,2045,Future,population
Haiti,North America,2030,12700006,Future,population
Bolivia,South America,2030,13625507,Future,population
Jordan,Asia,2030,11933395,Future,population
Oman,Asia,2030,5093376,Future,population
Malta,Europe,2030,543425,Future,population
Nauru,Oceania,2030,13358,Future,population
Saudi Arabia,Asia,2030,40461368,Future,population
Luxembourg,Europe,2030,697086,Future,population
Belize,North America,2030,450428,Future,population
Panama,North America,2030,4864126,Future,population
Guatemala,North America,2030,20003638,Future,population
Djibouti,Africa,2030,1247129,Future,population
Turkmenistan,Asia,2030,7034758,Future,population
Laos,Asia,2030,8321287,Future,population
Nicaragua,North America,2030,7688686,Future,population
Namibia,Africa,2030,2910056,Future,population
Philippines,Asia,2030,129453321,Future,population
Honduras,North America,2030,11724522,Future,population
Mongolia,Asia,2030,3736327,Future,population
South Sudan,Africa,2030,12570402,Future,population
Timor-Leste,Asia,2030,1495081,Future,population
Israel,Asia,2030,10134951,Future,population
Egypt,Africa,2030,125151725,Future,population
Kyrgyzstan,Asia,2030,7435378,Future,population
Uzbekistan,Asia,2030,38313228,Future,population
Botswana,Africa,2030,2972271,Future,population
Algeria,Africa,2030,49787283,Future,population
Samoa,Oceania,2030,248627,Future,population
Nepal,Asia,2030,33133394,Future,population
Romania,Europe,2030,19023383,Future,population
Eritrea,Africa,2030,4283355,Future,population
Kiribati,Oceania,2030,148720,Future,population
Comoros,Africa,2030,959412,Future,population
Western Sahara,Africa,2030,662726,Future,population
Pakistan,Asia,2030,274029836,Future,population
Kenya,Africa,2030,63103942,Future,population
Papua New Guinea,Oceania,2030,11615322,Future,population
Ghana,Africa,2030,38775850,Future,population
Zimbabwe,Africa,2030,19179393,Future,population
Gabon,Africa,2030,2774523,Future,population
Tajikistan,Asia,2030,11421430,Future,population
Liberia,Africa,2030,6282074,Future,population
Yemen,Asia,2030,39923245,Future,population
Guinea-Bissau,Africa,2030,2484863,Future,population
Sierra Leone,Africa,2030,10105188,Future,population
Iraq,Asia,2030,52800825,Future,population
Central African Republic,Africa,2030,7104274,Future,population
Solomon Islands,Oceania,2030,856264,Future,population
Rwanda,Africa,2030,16375704,Future,population
Togo,Africa,2030,10558178,Future,population
Vanuatu,Oceania,2030,391135,Future,population
French Guiana,South America,2030,366669,Future,population
Nigeria,Africa,2030,262580425,Future,population
Madagascar,Africa,2030,35604443,Future,population
Guinea,Africa,2030,16622387,Future,population
Equatorial Guinea,Africa,2030,1999678,Future,population
Gambia,Africa,2030,3263651,Future,population
Ethiopia,Africa,2030,149296378,Future,population
Afghanistan,Asia,2030,50330837,Future,population
Malawi,Africa,2030,24944243,Future,population
Burkina Faso,Africa,2030,27523563,Future,population
Senegal,Africa,2030,21125872,Future,population
Cameroon,Africa,2030,34051103,Future,population
Mauritania,Africa,2030,5830563,Future,population
Hungary,Europe,2030,9642912,Future,population
Sudan,Africa,2030,56997099,Future,population
Burundi,Africa,2030,15800530,Future,population
Benin,Africa,2030,16393827,Future,population
Mozambique,Africa,2030,40920707,Future,population
Zambia,Africa,2030,24676417,Future,population
Tanzania,Africa,2030,81885304,Future,population
Uganda,Africa,2030,58380262,Future,population
Somalia,Africa,2030,22316857,Future,population
Mali,Africa,2030,28712294,Future,population
Angola,Africa,2030,44911664,Future,population
Chad,Africa,2030,22460393,Future,population
Mayotte,Africa,2030,407579,Future,population
DR Congo,Africa,2030,127582053,Future,population
Slovakia,Europe,2030,5555114,Future,population
Syria,Asia,2030,29824735,Future,population
Niger,Africa,2030,35217942,Future,population
Poland,Europe,2030,38700518,Future,population
Moldova,Europe,2030,3174727,Future,population
Ukraine,Europe,2050,32867718,Future,population
Lebanon,Asia,2050,4937579,Future,population
American Samoa,Oceania,2050,33557,Future,population
Bulgaria,Europe,2050,5187392,Future,population
Lithuania,Europe,2050,2187550,Future,population
Latvia,Europe,2050,1433728,Future,population
Marshall Islands,Oceania,2050,51211,Future,population
Bosnia and Herzegovina,Europe,2050,2739014,Future,population
Serbia,Europe,2050,5777806,Future,population
Croatia,Europe,2050,3333425,Future,population
Montserrat,North America,2050,3781,Future,population
Monaco,Europe,2050,37664,Future,population
Greece,Europe,2050,9144951,Future,population
Japan,Asia,2050,103784357,Future,population
Saint Martin,North America,2050,35453,Future,population
North Macedonia,Europe,2050,1909309,Future,population
Belarus,Europe,2050,8409632,Future,population
Albania,Europe,2050,2456472,Future,population
Cuba,North America,2050,10028085,Future,population
Armenia,Asia,2050,2573465,Future,population
Georgia,Asia,2050,3384660,Future,population
Saint Pierre & Miquelon,North America,2050,5165,Future,population
Martinique,North America,2050,330121,Future,population
Italy,Europe,2050,52250484,Future,population
Russia,Europe,2050,133133035,Future,population
San Marino,Europe,2050,32043,Future,population
Vatican City,Europe,2050,731,Future,population
Estonia,Europe,2050,1171695,Future,population
Portugal,Europe,2050,9261305,Future,population
Niue,Oceania,2050,2096,Future,population
Montenegro,Europe,2050,586385,Future,population
Puerto Rico,North America,2050,2727624,Future,population
Uruguay,South America,2050,3337143,Future,population
Aruba,North America,2050,94185,Future,population
Hong Kong,Asia,2050,6975391,Future,population
Guadeloupe,North America,2050,388861,Future,population
Gibraltar,Europe,2050,31356,Future,population
Germany,Europe,2050,78932228,Future,population
South Korea,Asia,2050,45770874,Future,population
Jamaica,North America,2050,2493823,Future,population
Bermuda,North America,2050,56041,Future,population
China,Asia,2050,1312636325,Future,population
Slovenia,Europe,2050,2003258,Future,population
Mauritius,Africa,2050,1226235,Future,population
Cook Islands,Oceania,2050,17674,Future,population
Finland,Europe,2050,5460917,Future,population
Saint Lucia,North America,2050,177856,Future,population
Thailand,Asia,2050,67880083,Future,population
Taiwan,Asia,2050,22445526,Future,population
Barbados,North America,2050,267788,Future,population
France,Europe,2050,65827072,Future,population
Spain,Europe,2050,44219565,Future,population
Palau,Oceania,2050,16689,Future,population
Austria,Europe,2050,8924190,Future,population
Qatar,Asia,2050,3358454,Future,population
Sri Lanka,Asia,2050,21814985,Future,population
Sint Maarten,North America,2050,38947,Future,population
Isle of Man,Europe,2050,86680,Future,population
United Kingdom,Europe,2050,71684966,Future,population
El Salvador,North America,2050,6636854,Future,population
Trinidad and Tobago,North America,2050,1485139,Future,population
Netherlands,Europe,2050,17897025,Future,population
Venezuela,South America,2050,35937404,Future,population
Belgium,Europe,2050,12090657,Future,population
North Korea,Asia,2050,25807197,Future,population
United States,North America,2050,375391963,Future,population
Greenland,North America,2050,53997,Future,population
Falkland Islands,South America,2050,3779,Future,population
Kuwait,Asia,2050,5155414,Future,population
Azerbaijan,Asia,2050,10867296,Future,population
Maldives,Asia,2050,569909,Future,population
Dominica,North America,2050,74167,Future,population
Brazil,South America,2050,230885725,Future,population
Denmark,Europe,2050,6445109,Future,population
Bahamas,North America,2050,450625,Future,population
Costa Rica,North America,2050,5702525,Future,population
Argentina,South America,2050,51621175,Future,population
Guyana,South America,2050,878746,Future,population
Switzerland,Europe,2050,9753753,Future,population
Fiji,Oceania,2050,1094174,Future,population
Chile,South America,2050,20675378,Future,population
Singapore,Asia,2050,6337235,Future,population
Antigua and Barbuda,North America,2050,99030,Future,population
Norway,Europe,2050,6367559,Future,population
British Virgin Islands,North America,2050,34768,Future,population
Cyprus,Europe,2050,1391785,Future,population
Bahrain,Asia,2050,1809237,Future,population
Seychelles,Africa,2050,116644,Future,population
Mexico,North America,2050,143772364,Future,population
Indonesia,Asia,2050,317225213,Future,population
Bhutan,Asia,2050,874294,Future,population
Grenada,North America,2050,136253,Future,population
Anguilla,North America,2050,15294,Future,population
Turkey,Asia,2050,95829258,Future,population
India,Asia,2050,1670490596,Future,population
Colombia,South America,2050,56987651,Future,population
Iceland,Europe,2050,408783,Future,population
Myanmar,Asia,2050,59929399,Future,population
Iran,Asia,2050,99007204,Future,population
Guam,Oceania,2050,195673,Future,population
Ireland,Europe,2050,5724686,Future,population
Vietnam,Asia,2050,107012939,Future,population
Liechtenstein,Europe,2050,42287,Future,population
French Polynesia,Oceania,2050,346933,Future,population
New Caledonia,Oceania,2050,353191,Future,population
Tunisia,Africa,2050,14315779,Future,population
Canada,North America,2050,45890819,Future,population
Tonga,Oceania,2050,131225,Future,population
Eswatini,Africa,2050,1655121,Future,population
Sweden,Europe,2050,11902033,Future,population
United Arab Emirates,Asia,2050,11449471,Future,population
Brunei,Asia,2050,498373,Future,population
Suriname,South America,2050,725519,Future,population
Cayman Islands,North America,2050,77633,Future,population
South Africa,Africa,2050,73529753,Future,population
Micronesia,Oceania,2050,135457,Future,population
Tuvalu,Oceania,2050,13211,Future,population
Saint Barthelemy,North America,2050,10210,Future,population
Peru,South America,2050,42022554,Future,population
Australia,Oceania,2050,32192919,Future,population
Dominican Republic,North America,2050,13180541,Future,population
Andorra,Europe,2050,80504,Future,population
Morocco,Africa,2050,45044990,Future,population
Kazakhstan,Asia,2050,25609978,Future,population
Lesotho,Africa,2050,2898369,Future,population
Bangladesh,Asia,2050,203904900,Future,population
Cambodia,Asia,2050,20258435,Future,population
New Zealand,Oceania,2050,5949002,Future,population
Malaysia,Asia,2050,41032433,Future,population
Ecuador,South America,2050,22269779,Future,population
Libya,Africa,2050,8539976,Future,population
Paraguay,South America,2050,8591486,Future,population
Tokelau,Oceania,2050,2430,Future,population
Haiti,North America,2050,15087520,Future,population
Bolivia,South America,2050,16609854,Future,population
Jordan,Asia,2050,15005941,Future,population
Oman,Asia,2050,6328978,Future,population
Malta,Europe,2050,522736,Future,population
Nauru,Oceania,2050,14695,Future,population
Saudi Arabia,Asia,2050,48374543,Future,population
Luxembourg,Europe,2050,781910,Future,population
Belize,North America,2050,538838,Future,population
Panama,North America,2050,5736121,Future,population
Guatemala,North America,2050,24600727,Future,population
Djibouti,Africa,2050,1502575,Future,population
Turkmenistan,Asia,2050,8263833,Future,population
Laos,Asia,2050,9775552,Future,population
Nicaragua,North America,2050,9094641,Future,population
Namibia,Africa,2050,3779918,Future,population
Philippines,Asia,2050,157891622,Future,population
Honduras,North America,2050,14258514,Future,population
Mongolia,Asia,2050,4518856,Future,population
South Sudan,Africa,2050,17460846,Future,population
Timor-Leste,Asia,2050,1806869,Future,population
Israel,Asia,2050,12991790,Future,population
Egypt,Africa,2050,160339889,Future,population
Kyrgyzstan,Asia,2050,9426858,Future,population
Uzbekistan,Asia,2050,45593149,Future,population
Botswana,Africa,2050,3679340,Future,population
Algeria,Africa,2050,60001113,Future,population
Samoa,Oceania,2050,320016,Future,population
Nepal,Asia,2050,37401365,Future,population
Romania,Europe,2050,17457213,Future,population
Eritrea,Africa,2050,5964021,Future,population
Kiribati,Oceania,2050,188570,Future,population
Comoros,Africa,2050,1246207,Future,population
Western Sahara,Africa,2050,851067,Future,population
Pakistan,Asia,2050,367808468,Future,population
Kenya,Africa,2050,85211739,Future,population
Papua New Guinea,Oceania,2050,14910369,Future,population
Ghana,Africa,2050,52231785,Future,population
Zimbabwe,Africa,2050,26438589,Future,population
Gabon,Africa,2050,3757053,Future,population
Tajikistan,Asia,2050,15200989,Future,population
Liberia,Africa,2050,8890700,Future,population
Yemen,Asia,2050,55296331,Future,population
Guinea-Bissau,Africa,2050,3445289,Future,population
Sierra Leone,Africa,2050,13595023,Future,population
Iraq,Asia,2050,74515140,Future,population
Central African Republic,Africa,2050,11533423,Future,population
Solomon Islands,Oceania,2050,1225407,Future,population
Rwanda,Africa,2050,23030046,Future,population
Togo,Africa,2050,15478883,Future,population
Vanuatu,Oceania,2050,578567,Future,population
French Guiana,South America,2050,532459,Future,population
Nigeria,Africa,2050,377459883,Future,population
Madagascar,Africa,2050,51592965,Future,population
Guinea,Africa,2050,23711700,Future,population
Equatorial Guinea,Africa,2050,2790533,Future,population
Gambia,Africa,2050,4673743,Future,population
Ethiopia,Africa,2050,214812309,Future,population
Afghanistan,Asia,2050,74075234,Future,population
Malawi,Africa,2050,37159300,Future,population
Burkina Faso,Africa,2050,40541548,Future,population
Senegal,Africa,2050,32562869,Future,population
Cameroon,Africa,2050,51279560,Future,population
Mauritania,Africa,2050,8914673,Future,population
Hungary,Europe,2050,8817396,Future,population
Sudan,Africa,2050,84494269,Future,population
Burundi,Africa,2050,24208671,Future,population
Benin,Africa,2050,25264035,Future,population
Mozambique,Africa,2050,63044497,Future,population
Zambia,Africa,2050,37460435,Future,population
Tanzania,Africa,2050,129931520,Future,population
Uganda,Africa,2050,87622081,Future,population
Somalia,Africa,2050,36462830,Future,population
Mali,Africa,2050,47439802,Future,population
Angola,Africa,2050,72328068,Future,population
Chad,Africa,2050,36452035,Future,population
Mayotte,Africa,2050,664141,Future,population
DR Congo,Africa,2050,217494003,Future,population
Slovakia,Europe,2050,5186967,Future,population
Syria,Asia,2050,38306374,Future,population
Niger,Africa,2050,67043296,Future,population
Poland,Europe,2050,34932339,Future,population
Moldova,Europe,2050,2997532,Future,population
